{
    "name": "",
    "description": "",
    "keywords": [
        "contao",
        "bundle",
        "tag 3",
        "tag 4"
    ],
    "type": "contao-bundle",
    "license": "",
    "authors": [],
    "support": {
        "issues": "",
        "source": ""
    },
    "require": {
        "php": "^8.1",
        "contao/core-bundle": "^4.13 || ^5.0"
    },
    "require-dev": {
        "contao/manager-plugin": "^2.12"
    },
    "autoload": {
        "psr-4": {}
    },
    "config": {
        "allow-plugins": {
            "contao-components/installer": false,
            "contao/manager-plugin": false,
            "contao-community-alliance/composer-plugin": true
        }
    },
    "extra": {},
    "scripts": {
        "cs-fixer": "@php tools/ecs/vendor/bin/ecs check config/ contao/ src/ templates/ tests/ --config tools/ecs/config.php --fix --ansi",
        "unit-tests": "@php tools/phpunit/vendor/bin/phpunit -c tools/phpunit/phpunit.xml.dist"
    }
}
