<?xml version="1.0"?>
<ruleset name="PHPMD rule set"
         xmlns="http://pmd.sf.net/ruleset/1.0.0"
         xmlns:xsi="http://www.w3.org/2001/XMLSchema-instance"
         xsi:schemaLocation="http://pmd.sf.net/ruleset/1.0.0  http://pmd.sf.net/ruleset_xml_schema.xsd"
         xsi:noNamespaceSchemaLocation=" http://pmd.sf.net/ruleset_xml_schema.xsd">
    <description>
        PHPMD rule set
    </description>

    <rule ref="rulesets/codesize.xml"/>
    <rule ref="rulesets/controversial.xml">
        <exclude name="CamelCaseVariableName"/>
    </rule>
    <rule ref="rulesets/controversial.xml/CamelCaseVariableName">
        <properties>
            <property name="allow-underscore" value="true"/>
        </properties>
    </rule>
    <rule ref="rulesets/design.xml">
        <!-- we love modular, dependency injection style programming that often have a higher coupling -->
        <exclude name="CouplingBetweenObjects"/>
    </rule>
    <rule ref="rulesets/naming.xml">
        <exclude name="ShortVariable" />
        <!-- we love descriptive variable names -->
        <exclude name="LongVariable"/>
    </rule>
    <rule ref="rulesets/naming.xml/ShortVariable">
        <properties>
            <property name="exceptions" value="id" />
        </properties>
    </rule>
    <rule ref="rulesets/unusedcode.xml">
        <exclude name="UnusedLocalVariable"/>
    </rule>
    <rule ref="rulesets/unusedcode.xml/UnusedLocalVariable">
        <properties>
            <property name="allow-unused-foreach-variables" value="true"/>
        </properties>
    </rule>
</ruleset>
